{
    "en": {
        "Follow": 0.9957983193277311,
        "ac": 0.8168067226890756,
        "ac_with_follow": 0.8126050420168067
    },
    "es": {
        "Follow": 0.9974789915966387,
        "ac": 0.5630252100840336,
        "ac_with_follow": 0.5621848739495798
    },
    "ar": {
        "Follow": 0.0,
        "ac": 0.0,
        "ac_with_follow": 0.0
    },
    "el": {
        "Follow": 0.0,
        "ac": 0.0,
        "ac_with_follow": 0.0
    },
    "hi": {
        "Follow": 0.0,
        "ac": 0.0,
        "ac_with_follow": 0.0
    },
    "th": {
        "Follow": 0.0,
        "ac": 0.0,
        "ac_with_follow": 0.0
    },
    "de": {
        "Follow": 0.9974789915966387,
        "ac": 0.5789915966386555,
        "ac_with_follow": 0.5764705882352941
    },
    "ru": {
        "Follow": 0.9840336134453781,
        "ac": 0.492436974789916,
        "ac_with_follow": 0.4815126050420168
    },
    "zh": {
        "Follow": 0.9092436974789916,
        "ac": 0.4327731092436975,
        "ac_with_follow": 0.38823529411764707
    },
    "tr": {
        "Follow": 0.9369747899159664,
        "ac": 0.36050420168067226,
        "ac_with_follow": 0.33949579831932775
    },
    "vi": {
        "Follow": 0.5394957983193277,
        "ac": 0.3563025210084034,
        "ac_with_follow": 0.2546218487394958
    }
}