{"gpt-3.5-turbo-long": 0.662111801242236, "gpt-3.5-turbo-short": 0.568944099378882}