{"gpt-3.5-turbo-long": 0.9180124223602485, "gpt-3.5-turbo-short": 0.8757763975155279, "gpt-4": 0.08819875776397515}