{"gpt-3.5-turbo-long": 0.7329192546583851, "gpt-3.5-turbo-short": 0.6509316770186335}