{"alpaca_eval_reward.json": 0.3652173913043478, "self-seq-7b-baseline": 0.3652173913043478, "gpt-3.5-turbo-long": 0.4670807453416149, "gpt-3.5-turbo-short": 0.3652173913043478}