{"gpt-3.5-turbo-long": 0.7987577639751553, "gpt-3.5-turbo-short": 0.7291925465838509}