{
    "en": {
        "Follow": 1.0,
        "ac": 0.853781512605042,
        "ac_with_follow": 0.853781512605042
    },
    "es": {
        "Follow": 0.9915966386554622,
        "ac": 0.35798319327731093,
        "ac_with_follow": 0.35042016806722687
    },
    "ar": {
        "Follow": 0.9394957983193277,
        "ac": 0.25210084033613445,
        "ac_with_follow": 0.21680672268907564
    },
    "el": {
        "Follow": 0.9663865546218487,
        "ac": 0.3773109243697479,
        "ac_with_follow": 0.35378151260504204
    },
    "hi": {
        "Follow": 0.8747899159663866,
        "ac": 0.326890756302521,
        "ac_with_follow": 0.26974789915966385
    }
}