{"gpt-3.5-turbo-long": 0.7503105590062111, "gpt-3.5-turbo-short": 0.6645962732919255}