{"alpaca_eval_reward.json": 0.08819875776397515, "self-seq-Llama-2-7b-hf-new": 0.08819875776397515, "gpt-3.5-turbo-long": 0.16024844720496895, "gpt-3.5-turbo-short": 0.08819875776397515}