{
    "en": {
        "Follow": 0.9991596638655462,
        "ac": 0.8008403361344538,
        "ac_with_follow": 0.8008403361344538
    },
    "es": {
        "Follow": 0.9974789915966387,
        "ac": 0.5016806722689076,
        "ac_with_follow": 0.5016806722689076
    },
    "ar": {
        "Follow": 0.9235294117647059,
        "ac": 0.2773109243697479,
        "ac_with_follow": 0.2630252100840336
    },
    "el": {
        "Follow": 0.9134453781512605,
        "ac": 0.34285714285714286,
        "ac_with_follow": 0.3235294117647059
    },
    "hi": {
        "Follow": 0.8378151260504202,
        "ac": 0.2848739495798319,
        "ac_with_follow": 0.26134453781512607
    },
    "th": {
        "Follow": 0.8319327731092437,
        "ac": 0.15210084033613444,
        "ac_with_follow": 0.13865546218487396
    },
    "de": {
        "Follow": 0.9966386554621849,
        "ac": 0.5058823529411764,
        "ac_with_follow": 0.5058823529411764
    },
    "ru": {
        "Follow": 0.980672268907563,
        "ac": 0.4689075630252101,
        "ac_with_follow": 0.46554621848739497
    },
    "zh": {
        "Follow": 0.9756302521008403,
        "ac": 0.334453781512605,
        "ac_with_follow": 0.32857142857142857
    },
    "tr": {
        "Follow": 0.9663865546218487,
        "ac": 0.32605042016806723,
        "ac_with_follow": 0.31848739495798317
    },
    "vi": {
        "Follow": 0.9436974789915966,
        "ac": 0.36470588235294116,
        "ac_with_follow": 0.3546218487394958
    }
}