{
    "en": {
        "Follow": 0.9957983193277311,
        "ac": 0.8168067226890756,
        "ac_with_follow": 0.8126050420168067
    },
    "es": {
        "Follow": 0.9781512605042016,
        "ac": 0.33613445378151263,
        "ac_with_follow": 0.33277310924369746
    },
    "ar": {
        "Follow": 0.3621848739495798,
        "ac": 0.17899159663865546,
        "ac_with_follow": 0.07226890756302522
    },
    "el": {
        "Follow": 0.4176470588235294,
        "ac": 0.3058823529411765,
        "ac_with_follow": 0.13025210084033614
    },
    "hi": {
        "Follow": 0.46554621848739497,
        "ac": 0.21680672268907564,
        "ac_with_follow": 0.10336134453781512
    },
    "th": {
        "Follow": 0.41092436974789914,
        "ac": 0.13109243697478992,
        "ac_with_follow": 0.04453781512605042
    },
    "de": {
        "Follow": 0.9537815126050421,
        "ac": 0.4117647058823529,
        "ac_with_follow": 0.39747899159663863
    },
    "ru": {
        "Follow": 0.8546218487394958,
        "ac": 0.23781512605042016,
        "ac_with_follow": 0.20756302521008405
    },
    "zh": {
        "Follow": 0.8378151260504202,
        "ac": 0.20756302521008405,
        "ac_with_follow": 0.17899159663865546
    },
    "tr": {
        "Follow": 0.9008403361344538,
        "ac": 0.22941176470588234,
        "ac_with_follow": 0.20840336134453782
    },
    "vi": {
        "Follow": 0.8563025210084033,
        "ac": 0.30840336134453783,
        "ac_with_follow": 0.2722689075630252
    }
}