{
    "en": {
        "Follow": 1.0,
        "ac": 0.853781512605042,
        "ac_with_follow": 0.853781512605042
    },
    "es": {
        "Follow": 0.9974789915966387,
        "ac": 0.6764705882352942,
        "ac_with_follow": 0.6739495798319328
    },
    "ar": {
        "Follow": 0.9588235294117647,
        "ac": 0.534453781512605,
        "ac_with_follow": 0.5134453781512605
    },
    "el": {
        "Follow": 0.9789915966386554,
        "ac": 0.6168067226890757,
        "ac_with_follow": 0.607563025210084
    },
    "hi": {
        "Follow": 0.9117647058823529,
        "ac": 0.5983193277310924,
        "ac_with_follow": 0.5487394957983194
    },
    "th": {
        "Follow": 0.9142857142857143,
        "ac": 0.5487394957983194,
        "ac_with_follow": 0.5109243697478991
    },
    "de": {
        "Follow": 0.9647058823529412,
        "ac": 0.6798319327731093,
        "ac_with_follow": 0.6529411764705882
    },
    "ru": {
        "Follow": 0.9789915966386554,
        "ac": 0.6016806722689075,
        "ac_with_follow": 0.592436974789916
    },
    "zh": {
        "Follow": 0.9033613445378151,
        "ac": 0.5554621848739496,
        "ac_with_follow": 0.5016806722689076
    },
    "tr": {
        "Follow": 0.8705882352941177,
        "ac": 0.5899159663865546,
        "ac_with_follow": 0.5042016806722689
    },
    "vi": {
        "Follow": 0.9722689075630252,
        "ac": 0.6092436974789915,
        "ac_with_follow": 0.5882352941176471
    }
}