{
    "en": {
        "Follow": 0.9092436974789916,
        "ac": 0.8277310924369747,
        "ac_with_follow": 0.7495798319327731
    },
    "es": {
        "Follow": 0.9302521008403362,
        "ac": 0.5361344537815126,
        "ac_with_follow": 0.49747899159663866
    },
    "ar": {
        "Follow": 0.7369747899159664,
        "ac": 0.26218487394957984,
        "ac_with_follow": 0.20756302521008405
    },
    "el": {
        "Follow": 0.6428571428571429,
        "ac": 0.35714285714285715,
        "ac_with_follow": 0.24369747899159663
    },
    "hi": {
        "Follow": 0.6605042016806723,
        "ac": 0.2672268907563025,
        "ac_with_follow": 0.1915966386554622
    },
    "th": {
        "Follow": 0.5226890756302521,
        "ac": 0.14789915966386555,
        "ac_with_follow": 0.10336134453781512
    },
    "de": {
        "Follow": 0.9260504201680673,
        "ac": 0.542016806722689,
        "ac_with_follow": 0.49831932773109244
    },
    "ru": {
        "Follow": 0.9084033613445378,
        "ac": 0.48823529411764705,
        "ac_with_follow": 0.4495798319327731
    },
    "zh": {
        "Follow": 0.7974789915966387,
        "ac": 0.4,
        "ac_with_follow": 0.33277310924369746
    },
    "tr": {
        "Follow": 0.9504201680672268,
        "ac": 0.30168067226890755,
        "ac_with_follow": 0.2857142857142857
    },
    "vi": {
        "Follow": 0.8840336134453781,
        "ac": 0.38487394957983195,
        "ac_with_follow": 0.33613445378151263
    }
}