{"gpt-3.5-turbo-long": 0.8981366459627329, "gpt-3.5-turbo-short": 0.8546583850931677}