{"gpt-3.5-turbo-long": 0.929192546583851, "gpt-3.5-turbo-short": 0.8732919254658386}