{"alpaca_eval_reward.json": 0.33291925465838507, "self-seq-alpaca-replaced-wizardlm": 0.33291925465838507, "gpt-3.5-turbo-long": 0.4496894409937888, "gpt-3.5-turbo-short": 0.3341614906832298}