{"alpaca_eval_reward.json": 0.15527950310559005, "self-seq-combined-Llama-2-7b-epoch-1": 0.15527950310559005, "gpt-3.5-turbo-long": 0.2360248447204969, "gpt-3.5-turbo-short": 0.15527950310559005}