{"gpt-3.5-turbo-long": 0.7043478260869566, "gpt-3.5-turbo-short": 0.6062111801242236}