{"gpt-3.5-turbo-long": 0.7031055900621118, "gpt-3.5-turbo-short": 0.6074534161490683, "gpt-4": 0.018633540372670808}