{"alpaca_eval_reward.json": 0.43975155279503103, "self-seq-7b-1-3-new": 0.43975155279503103, "gpt-3.5-turbo-long": 0.5304347826086957, "gpt-3.5-turbo-short": 0.43850931677018634}