{"gpt-3.5-turbo-long": 0.6273291925465838, "gpt-3.5-turbo-short": 0.5478260869565217, "gpt-4": 0.02111801242236025}