{"gpt-3.5-turbo-long": 0.47701863354037266, "gpt-3.5-turbo-short": 0.34782608695652173, "gpt-4": 0.006211180124223602}