{"gpt-3.5-turbo-long": 0.9267080745341615, "gpt-3.5-turbo-short": 0.8857142857142857, "gpt-4": 0.14782608695652175}