{"gpt-3.5-turbo-long": 0.9279503105590062, "gpt-3.5-turbo-short": 0.8857142857142857}