{
    "en": {
        "Follow": 1.0,
        "ac": 0.7512605042016807,
        "ac_with_follow": 0.7512605042016807
    },
    "es": {
        "Follow": 0.9890756302521009,
        "ac": 0.26134453781512607,
        "ac_with_follow": 0.2605042016806723
    },
    "ar": {
        "Follow": 0.8436974789915966,
        "ac": 0.09243697478991597,
        "ac_with_follow": 0.073109243697479
    },
    "el": {
        "Follow": 0.5831932773109244,
        "ac": 0.15126050420168066,
        "ac_with_follow": 0.08991596638655462
    }
}