{"gpt-3.5-turbo-long": 0.8546583850931677, "gpt-3.5-turbo-short": 0.8124223602484472}