{"gpt-3.5-turbo-long": 0.853416149068323, "gpt-3.5-turbo-short": 0.8111801242236025, "gpt-4": 0.08198757763975155}