{
    "en": {
        "Follow": 0.9991596638655462,
        "ac": 0.8008403361344538,
        "ac_with_follow": 0.8008403361344538
    },
    "es": {
        "Follow": 1.0,
        "ac": 0.584873949579832,
        "ac_with_follow": 0.584873949579832
    },
    "ar": {
        "Follow": 0.0,
        "ac": 0.0,
        "ac_with_follow": 0.0
    },
    "el": {
        "Follow": 0.0,
        "ac": 0.0,
        "ac_with_follow": 0.0
    },
    "hi": {
        "Follow": 0.0,
        "ac": 0.0,
        "ac_with_follow": 0.0
    },
    "th": {
        "Follow": 0.0,
        "ac": 0.0,
        "ac_with_follow": 0.0
    },
    "de": {
        "Follow": 1.0,
        "ac": 0.5974789915966386,
        "ac_with_follow": 0.5974789915966386
    },
    "ru": {
        "Follow": 0.9865546218487395,
        "ac": 0.5134453781512605,
        "ac_with_follow": 0.5058823529411764
    },
    "zh": {
        "Follow": 0.9823529411764705,
        "ac": 0.4016806722689076,
        "ac_with_follow": 0.39663865546218485
    },
    "tr": {
        "Follow": 0.9756302521008403,
        "ac": 0.3697478991596639,
        "ac_with_follow": 0.3680672268907563
    },
    "vi": {
        "Follow": 0.553781512605042,
        "ac": 0.3487394957983193,
        "ac_with_follow": 0.2605042016806723
    }
}