{"gpt-3.5-turbo-long": 0.8993788819875776, "gpt-3.5-turbo-short": 0.831055900621118, "gpt-4": 0.10683229813664596}