{
    "en": {
        "Follow": 0.9991596638655462,
        "ac": 0.819327731092437,
        "ac_with_follow": 0.8184873949579832
    },
    "es": {
        "Follow": 0.992436974789916,
        "ac": 0.5714285714285714,
        "ac_with_follow": 0.5663865546218487
    },
    "ar": {
        "Follow": 0.8294117647058824,
        "ac": 0.2571428571428571,
        "ac_with_follow": 0.2134453781512605
    },
    "el": {
        "Follow": 0.6386554621848739,
        "ac": 0.37563025210084033,
        "ac_with_follow": 0.2504201680672269
    },
    "hi": {
        "Follow": 0.795798319327731,
        "ac": 0.2773109243697479,
        "ac_with_follow": 0.23529411764705882
    },
    "th": {
        "Follow": 0.5067226890756302,
        "ac": 0.15126050420168066,
        "ac_with_follow": 0.08907563025210084
    },
    "de": {
        "Follow": 0.9907563025210084,
        "ac": 0.584873949579832,
        "ac_with_follow": 0.5781512605042017
    },
    "ru": {
        "Follow": 0.9781512605042016,
        "ac": 0.5,
        "ac_with_follow": 0.4831932773109244
    },
    "zh": {
        "Follow": 0.9613445378151261,
        "ac": 0.4016806722689076,
        "ac_with_follow": 0.38487394957983195
    },
    "tr": {
        "Follow": 0.9184873949579831,
        "ac": 0.3689075630252101,
        "ac_with_follow": 0.35294117647058826
    },
    "vi": {
        "Follow": 0.9613445378151261,
        "ac": 0.47058823529411764,
        "ac_with_follow": 0.4588235294117647
    }
}