{"gpt-3.5-turbo-long": 0.8645962732919255, "gpt-3.5-turbo-short": 0.8074534161490683}