{
    "en": {
        "Follow": 0.9092436974789916,
        "ac": 0.8277310924369747,
        "ac_with_follow": 0.7495798319327731
    },
    "de": {
        "Follow": 0.9210084033613445,
        "ac": 0.5915966386554622,
        "ac_with_follow": 0.5378151260504201
    },
    "ru": {
        "Follow": 0.946218487394958,
        "ac": 0.4899159663865546,
        "ac_with_follow": 0.4680672268907563
    },
    "zh": {
        "Follow": 0.8857142857142857,
        "ac": 0.42100840336134454,
        "ac_with_follow": 0.3815126050420168
    },
    "tr": {
        "Follow": 0.8949579831932774,
        "ac": 0.373109243697479,
        "ac_with_follow": 0.32941176470588235
    },
    "vi": {
        "Follow": 0.5462184873949579,
        "ac": 0.37478991596638656,
        "ac_with_follow": 0.2689075630252101
    },
    "es": {
        "Follow": 0.9546218487394958,
        "ac": 0.5689075630252101,
        "ac_with_follow": 0.5428571428571428
    },
    "ar": {
        "Follow": 0.0,
        "ac": 0.0,
        "ac_with_follow": 0.0
    },
    "el": {
        "Follow": 0.0,
        "ac": 0.0,
        "ac_with_follow": 0.0
    },
    "hi": {
        "Follow": 0.0,
        "ac": 0.0,
        "ac_with_follow": 0.0
    },
    "th": {
        "Follow": 0.0,
        "ac": 0.0,
        "ac_with_follow": 0.0
    }
}