{"gpt-3.5-turbo-long": 0.39006211180124223, "gpt-3.5-turbo-short": 0.31801242236024846, "gpt-4": 0.004968944099378882}