{"gpt-3.5-turbo-long": 0.8683229813664596, "gpt-3.5-turbo-short": 0.8360248447204969}