{"gpt-3.5-turbo-long": 0.8720496894409938, "gpt-3.5-turbo-short": 0.8099378881987578}