{"gpt-3.5-turbo-long": 0.8732919254658386, "gpt-3.5-turbo-short": 0.8099378881987578, "gpt-4": 0.07329192546583851}