{"gpt-3.5-turbo-long": 0.9105590062111801, "gpt-3.5-turbo-short": 0.8559006211180125}