{"gpt-3.5-turbo-long": 0.8819875776397516, "gpt-3.5-turbo-short": 0.8347826086956521}