{
    "en": {
        "Follow": 1.0,
        "ac": 0.7512605042016807,
        "ac_with_follow": 0.7512605042016807
    },
    "es": {
        "Follow": 0.9932773109243698,
        "ac": 0.5378151260504201,
        "ac_with_follow": 0.5352941176470588
    },
    "ar": {
        "Follow": 0.0,
        "ac": 0.0,
        "ac_with_follow": 0.0
    },
    "el": {
        "Follow": 0.0,
        "ac": 0.0,
        "ac_with_follow": 0.0
    },
    "hi": {
        "Follow": 0.0,
        "ac": 0.0,
        "ac_with_follow": 0.0
    },
    "th": {
        "Follow": 0.0,
        "ac": 0.0,
        "ac_with_follow": 0.0
    },
    "de": {
        "Follow": 0.9991596638655462,
        "ac": 0.5596638655462185,
        "ac_with_follow": 0.5588235294117647
    },
    "ru": {
        "Follow": 0.9882352941176471,
        "ac": 0.4831932773109244,
        "ac_with_follow": 0.4756302521008403
    },
    "zh": {
        "Follow": 0.9705882352941176,
        "ac": 0.3899159663865546,
        "ac_with_follow": 0.3764705882352941
    },
    "tr": {
        "Follow": 0.9100840336134454,
        "ac": 0.346218487394958,
        "ac_with_follow": 0.3302521008403361
    },
    "vi": {
        "Follow": 0.553781512605042,
        "ac": 0.35798319327731093,
        "ac_with_follow": 0.2546218487394958
    }
}