{
    "en": {
        "Follow": 0.6050420168067226,
        "ac": 0.8277310924369747,
        "ac_with_follow": 0.4890756302521008
    },
    "es": {
        "Follow": 0.8865546218487395,
        "ac": 0.5697478991596638,
        "ac_with_follow": 0.49411764705882355
    },
    "ar": {
        "Follow": 0.8823529411764706,
        "ac": 0.26638655462184874,
        "ac_with_follow": 0.2411764705882353
    }
}