{"gpt-3.5-turbo-long": 0.782608695652174, "gpt-3.5-turbo-short": 0.7093167701863354}